★不明,不明
★未指定?
アルビ
アルビ4人
アルビお菓子の魔女のダンジョン
アルビハード一般
アルビハード上級
アルビハード下級
アルビハード中級
アルビバトルアリーナ
アルビマルコムの指輪D
アルビ一般
アルビ上級
アルビ上級1人用,アルビ上級1人
アルビ上級3人用,アルビ上級3人
アルビ上級無制限
アルビ下級
アルビ下級ハード
アルビ中級
アルビ中級1人
アルビ中級2人
アルビ初級
アルビ無制限
アルビ魔法の豆が育つ
アルベイダークナイト
アルベイ一般
アルベイ女神
アルベイ緑
アルベイ赤
アルベイ通常
アルベイ銀
アルベイ青
アルベイ黒
カルー森の各種光る石像遺跡
カルー森ストーンゾンビの髪飾り遺跡ダンジョン
カルー森ポットスパイダーの壺遺跡
カルー森ポットスパイダーの毒袋遺跡
カルー森ポットスパイダーの牙遺跡
カルー森ポットスパイダーの足遺跡
カルー森ポットスパイダーの鋏遺跡
カルー森光るストーンハウンドの遺跡
カルー森光るストーンバイソンの遺跡
カルー森光るポットスパイダーの石像遺跡
カルー森光るポットスパイダーの遺跡
カルー森光る石像の遺跡
カルー森遺跡
カルー森遺跡 ストーンインプのサンダルD
カルー森遺跡 ストーンインプの宝石D
カルー森遺跡 ストーンインプの帽子D
カルー森遺跡 ストーンインプの帽子飾りD
カルー森遺跡 ストーンインプの耳D
カルー森遺跡 ストーンインプの鼻D
カルー森遺跡 ストーンゾンビのサークレットD
カルー森遺跡 ストーンゾンビのブレスレットD
カルー森遺跡 ストーンゾンビのベルトD
カルー森遺跡 ストーンゾンビの目D
カルー森遺跡 ストーンゾンビの肩飾りD
カルー森遺跡 ストーンハウンドのアンクレットD
カルー森遺跡 ストーンハウンドの尻尾D
カルー森遺跡 ストーンハウンドの歯D
カルー森遺跡 ストーンハウンドの爪D
カルー森遺跡 ストーンハウンドの耳D
カルー森遺跡 ストーンバイソンの尻尾D
カルー森遺跡 ストーンバイソンの歯D
カルー森遺跡 ストーンバイソンの角D
カルー森遺跡 ストーンバイソンの蹄D
カルー森遺跡 光るストーンインプの石像D
カルー森遺跡 光るストーンゾンビの石像D
カルー森遺跡 光るストーンハウンドの像
カルー森遺跡 通常D
カルー森遺跡(通常
カルー森遺跡パーツD
カルー森遺跡一般
カルー森遺跡二刀流
カルー森遺跡全般
カルー森遺跡派生ストーンバイソンD
カルー森遺跡通常
キアダークナイト
キアハード一般
キアハード上級
キアハード下級
キアハード中級
キアボスラッシュ
キア一般
キア上級
キア上級2人
キア上級2人用
キア上級3人
キア上級無制限
キア下級
キア中級
キア中級1人
キア中級1人用
キア中級2人
キア中級4人
キア初級
キア無制限
キア白オオカミRP
コイル
コイルG9RP
コイルエレメンタル
コイル一般
コイル覚醒
ストーンインプのパーツ
センマイ城地下
ネコ島
ハードアルビ下級
ハードモードアルビ上級
バオル最終
バオル潜入
バリ
バリ3人用
バリエスラス
バリミスリル鉱山
バリ一般
バリ上級
バリ上級2人用
バリ上級3人用
バリ上級無制限
バリ下級
バリ修練生用
バリ女神破壊
バリ無制限
バリ精霊
バリ褐色
バリ黒
パルー遺跡
パルー遺跡ダンジョン一般
パルー遺跡ダンジョン結晶
パルー雪花結晶遺跡
フィアード
フィアード一般
フィアード中級
フィアード中級2人
フィアード中級4人
ペッカ
ペッカ一般
ペッカ下級
ペッカ中級
ペッカ通常
ポットスパイダーの各種派生遺跡
マス
マスダンジョン
マス一般
マス上級
マス修練生用
メイズ平原遺跡
メイズ平原遺跡 ストーンガーゴイルのグローブD
メイズ平原遺跡 ストーンガーゴイルのブーツD
メイズ平原遺跡 ストーンガーゴイルの肩飾りD
メイズ平原遺跡 光るストーンガーゴイルD
メイズ平原遺跡 光るストーンガーゴイルの遺跡
メイズ平原遺跡 通常D
メイズ平原遺跡光るストーンガーゴイルの石像
メイズ平原遺跡全般
メイズ平原遺跡輝く二刀流
ラビ
ラビ3人
ラビタルラークRP
ラビバトルアリーナ
ラビ一般
ラビ上級
ラビ上級2人
ラビ上級3人
ラビ上級無制限
ラビ上級無制限ソロ
ラビ下級
ラビ無制限2~4人PT
ラビ無制限5~8人PT
ラビ無制限ソロ
ラビ魔法のカカオ豆(イベント
ルンダ
ルンダセイレーン
ルンダセイレーンハード
ルンダハード()
ルンダハードセイレーン
ルンダハード一般
ルンダハード上級
ルンダハード下級
ルンダボスラッシュ
ルンダ一般
ルンダ上級
ルンダ上級ハードモード
ルンダ下級
ロンガ砂漠遺跡>エメラルドの矢D
ロンガ砂漠遺跡>トパーズの矢D
ロンガ砂漠遺跡>守護者の遺跡
ロンガ砂漠遺跡>紫水晶の矢D
ロンガ砂漠遺跡エメラルドの矢D
ロンガ砂漠遺跡エメラルドの矢遺跡
ロンガ砂漠遺跡ダンジョン一般
ロンガ砂漠遺跡トパーズの矢D
ロンガ砂漠遺跡トパーズの矢遺跡
ロンガ砂漠遺跡ルワイRP
ロンガ砂漠遺跡一般
ロンガ砂漠遺跡守護者の遺跡
ロンガ砂漠遺跡守護者の遺跡1F
ロンガ砂漠遺跡守護者の遺跡2F
ロンガ砂漠遺跡守護者の遺跡3F
ロンガ砂漠遺跡紫水晶の矢D
ロンガ砂漠遺跡紫水晶の矢遺跡
ロンガ砂漠遺跡魅惑的な矢
二刀流D
光るダイヤモンドＤ
各ストーンゾンビパーツD
無し,なし
